brand_guess,matched_query,title,evidence_link,published
The Grazia Beauty Team Reveal,UK beauty brand launch,The Grazia Beauty Team Reveal The Best New Products They're Reaching For This March - Grazia Daily UK,https://news.google.com/rss/articles/CBMifkFVX3lxTE1zejZZZUNSV3FSYnY4WTVOaGs0QXV1RUlIRjN0UkN3Ni1oZ3daTkRyWHMycHFZM3UxSGZjV3pqNVFUNjdpbzQtMU5QbVNlbUFIMHJmT1lOMXV1bG84akpGcGN6cnJJUzY3SndxUVFlMkU4TVBjTkVhTTllUzBZZw?oc=5,"Thu, 05 Mar 2026 18:06:04 GMT"
Sephora UK to launch new,UK beauty brand launch,Sephora UK to launch new boutique store concept this summer to accelerate growth - Cosmetics Business,https://news.google.com/rss/articles/CBMigwFBVV95cUxOXy1tdFV3a1R4OEw0Y1JhUEpBcDdxajZQNzNaV3d5Z2M3N2laS095OTZubGVGMjY3ZmRGNmh4UDQ4YmFRWGpIenlnV0poWlZKbmNkWFBMV19mWElMYzhlSy16NFI5SDdrNTE3VHQ1TlJuVkQzZHp4MXZVbnFpcHBiTEZiTQ?oc=5,"Tue, 24 Feb 2026 08:00:00 GMT"
Katrina Kaif’s South Asian-Focused Beauty,UK beauty brand launch,Katrina Kaif’s South Asian-Focused Beauty Brand Is Coming To The UK - British Vogue,https://news.google.com/rss/articles/CBMic0FVX3lxTFBhR0tnNUJxczJzRXdpcVBMM1NUdmJLd3FZU1htLW5uT3pqVmpXbjlqNC1WcC1iNDVjXzREdkkwcFl1M1RFb1E2dm5FNEE1eUFENnd2RUZROGZfa1RTRkhNR1hNV0JObVlkaDZEdTRMUzlKbTQ?oc=5,"Thu, 28 Aug 2025 07:00:00 GMT"
These Are Officially The 9,UK beauty brand launch,These Are Officially The 9 Best Beauty Launches Of 2025 - Marie Claire UK,https://news.google.com/rss/articles/CBMic0FVX3lxTFBJRkdhNWRadDRZZXVZdnFaU2V2bmVPLUR4VHUxWWtVTm5JaUVNX1VUNm9sa1hDSldUVXRxM2QxMEdwelVTUFhJUFhrUm1lZXpyR1NDRHN3TURmY3AyYUh6RERXaGhBR0xiTFlONkYtQTBzdnc?oc=5,"Sun, 14 Dec 2025 08:00:00 GMT"
Beauty brand Merit steps up,UK beauty brand launch,"Beauty brand Merit steps up its international expansion, launching in Spain and Italy - FashionNetwork France",https://news.google.com/rss/articles/CBMizAFBVV95cUxOblFrTy03eUZ2SldIcTlhb0wzRFdDWmI3RXktUDIxYlBWbkpFY0hxXzJJSGxRSDJ3VXFWem9YXy13Qmx6SFRGMDFST0Y0VkRidDh1Vl9ZNXFXcTdTV2NWSjNXVjdQZDJfQXBPSHAzOE9faUJaMDltWkwwc29OOGpzVFJsNFhUX05KQ3J1UlBpeW9ieHdjb1Ixd25ybEJDMTBxVkZ4RGY2OEFqWkxXeXM0d285NDNQVWJIc3Y0NTVJNDY4VFBsamYxQXJMeHg?oc=5,"Wed, 28 Jan 2026 08:00:00 GMT"
In Review 2025: This year's,UK beauty brand launch,In Review 2025: This year's big beauty launches - TheIndustry.beauty,https://news.google.com/rss/articles/CBMifkFVX3lxTE43eXpFbXdlc25WT3ppUU1yNzUzeFlTbWl0dEZXTFdDVURhSVR3bzY3bmFMN1dqb0drQ0gydlNyNWlkREV1dUFJR2pPcTFNRktZYjE5SldPeXVrVXlweHJDWXF5bzNwVkVhLVRobDBEZUNiMEFMMjBVUi1tbEE1dw?oc=5,"Mon, 29 Dec 2025 08:00:00 GMT"
"Brand new beauty brand, Trouble",UK beauty brand launch,"Brand new beauty brand, Trouble Maker, has just launched exclusively in Superdrug - Retail Times",https://news.google.com/rss/articles/CBMiqgFBVV95cUxPR2ZFLV9VTVo1RWRFUWl0NnhtTWtjam9WZlhSMmtTZFdDTDAtRmJZVkotY2RFbWhKTWZxZk1WV01MUjVtSHJfUGtISlM4OHRKcDR6S3JGZXI5OVc1cVV2NGI0M2RPQlRpM3F6NkVhdlc5OVNPODUxOWc0YXJZb0RwVXNKZ2tWZ0t5UlRVVVN1NEU3VmVmdGc1bzVJNVlYRi1MQVkzd25JZk9hZw?oc=5,"Wed, 27 Aug 2025 07:00:00 GMT"
From the foolproof lip stain,UK beauty brand launch,"From the foolproof lip stain to the lash lift in a tube, these are our most-used beauty launches of 2025 - Stylist",https://news.google.com/rss/articles/CBMidEFVX3lxTE9ZbWptMDJhSXlWWkI1Ymc2WHdLQXlPbmR1elprVXFEbDd6N05BdzVQX3dBNElzT2FMc0xFbmRKRy1MZS16bkRET0g2SmpUc1FVaFF2UEl2V21FZlNRRkw1Z0xEWHhTR3czcUV5TVdHUTh2cExN?oc=5,"Thu, 18 Dec 2025 08:00:00 GMT"
P.Louise’s TikTok LIVE launch signals,UK beauty brand launch,P.Louise’s TikTok LIVE launch signals a new era for beauty retail - Cosmetics Design Europe,https://news.google.com/rss/articles/CBMivwFBVV95cUxPdmVUSzhHWExTMFV3TkR0UG41YURyZ2M4ZTFMV18xbTNCc1dSY25uVVdGSTFaRDRfTXRNWVdVcVNnd05qdGtlRGN4Ukt2QWgycVF5NTl2bnNFV0xnTkszYUtveUgwMC1LdVRYSGxfNXRGN2xoX3ZnUmt1NUtIUnlFSUt0VTZld0hIZ1pPaUg3TTBHZTBmSDd5MERNdVphaTc2VVc2bVhiQ3ItTmhkYmpoSG5oN2d5NWhtcWpkSjc0dw?oc=5,"Mon, 19 Jan 2026 08:00:00 GMT"
The Rhode effect: Hailey Bieber’s,UK beauty brand launch,The Rhode effect: Hailey Bieber’s beauty brand becomes Sephora UK’s bestseller - Cosmetics Business,https://news.google.com/rss/articles/CBMidkFVX3lxTE5pbkFESjhiSDBxbHhvaVcxbXFJX1VOZ3dBVFdJaUZXVW5IYmNvUXNxakIyUFhodkRPMkJLbVo2ajExcjJ2U1ppWEVFMklwYzI4TTFSLTZMV1p5cG9IVmtTREcwWEF5MmhwcllJV1pkX1BzUVE1TkE?oc=5,"Wed, 19 Nov 2025 08:00:00 GMT"
This Hailey Bieber-approved beauty brand,UK beauty brand launch,This Hailey Bieber-approved beauty brand finally landed in the UK—here's my honest verdict on its best-selling products - Marie Claire UK,https://news.google.com/rss/articles/CBMia0FVX3lxTE85SUE0X2VXdXhPTENPWndFSGFMTDlOdjladkdQM3lsbnFFc0o1UkZiZVBfdG5xYmpIVTNUbXQ5ZHJSbUhDa0JDTHVWWDZPQVBWLVViQllWa045azRwcElJX0F4c2FKMkZTQWFz?oc=5,"Mon, 16 Jun 2025 07:00:00 GMT"
Rhode brings its billion-dollar beauty,UK beauty brand launch,Rhode brings its billion-dollar beauty empire to UK high street with Sephora - TheIndustry.beauty,https://news.google.com/rss/articles/CBMipwFBVV95cUxOeHJMU0VqekhQS0JVTEhoLWRMLVBIYm9Ga2JZZmhzZjlOR2JYVkJnd1k2dzFfUF8wTUFlSlN4S3lSSDR0UjlVSXZaakYwYW9MQm5vcjB6djFTVDJLdDZ3S1E5blNTb0dvQ2ZDWk00Z0RheldiNloyMS1ySzVhcDVpSnBBdnVNbWppek1HYmVTMi1NRGtTelowOXpUU1pwY3Bwc0J3Z3JfMA?oc=5,"Mon, 10 Nov 2025 08:00:00 GMT"
Beauty brand builders unite to,London beauty brand launch,"Beauty brand builders unite to launch their own line, Curated Beauty London - TheIndustry.beauty",https://news.google.com/rss/articles/CBMipAFBVV95cUxPcGpyRnBZVjJSV0J0WllaTllpeTdDRERrYXNKeXNHdGNLZmpRc090eEFvSjh3OHpoTzFPcDFGVDBTUlA1TjFBaGhGelozZTRwSlcxNUtZUWxFelFSdEhMTEI0WDBvc2J6WmdRT3pCakxqMi1aVkpyVUlPTlNCRlpVVGxadi00TlplWWk0OXU4UXN6aXB0c29qMHZ1eFJSdjZMUXBReg?oc=5,"Tue, 29 Jul 2025 07:00:00 GMT"
Stacey Solomon launches beauty brand's,London beauty brand launch,Stacey Solomon launches beauty brand's Selfridges pop-up - London Evening Standard,https://news.google.com/rss/articles/CBMikwFBVV95cUxPRGlVM0pTWUVsMnpqdFJ5ZHhBaU9jdzI5ZzBEbkVnQlFoV1dVVUk0WW8zc2Q2UWtuSlctSU1aYmJBSGVIUVg4ZUp6MWFxbGMxQXhZcUxodnZJRUxyNmZNYW9FSHJlaWRVOGZDd3BKdnp0TmxVVjJlVGFScmw0b3c5VkJqaUxYSVQtXzRGeVo2c2l3OVk?oc=5,"Fri, 27 Feb 2026 18:23:09 GMT"
DropGlam Launches with Pride: Beauty,London beauty brand launch,DropGlam Launches with Pride: Beauty Brands Wanted for London’s New Trailblazing 1-Hour Delivery App - Response Source,https://news.google.com/rss/articles/CBMitwFBVV95cUxOSUFQOUxSb05scEJSd3EyaExRNVV3YldBUFlxdTNfLVNpbzdFZmYwWWJ3b1V1UDJTeVhtUkVLZHZ5WVh0RzBHRW5CUjh1Zk9MbU1zVWhoWmlDbUZxUDZEcS1nMzhjOXZVUGZ3ekpJYzFCZHFWY0NjVkI4UEQzLTZoMzRSLU1QalJybC1oY1l4d3RDUGlhZjJwWmRaZklLZzZhaFJmTVhkeTEwQlc0YVBDbWNPcEIzaEE?oc=5,"Tue, 03 Jun 2025 07:00:00 GMT"
"British startup brand, Curated Beauty",London beauty brand launch,"British startup brand, Curated Beauty London, launches in award-winning ‘super salon’ - Scratch Magazine",https://news.google.com/rss/articles/CBMiiwFBVV95cUxPdWdsOW9yV0tua1B6a3JISWNRSU1LTzA3d2ljRkN3cVpJaUJHRUZlNUxqZlhhZVUwNEpKMU5oR2FNSk15MkM2RGpldW51WXNqN0lyMTJTelZTak9MeVFFcWl4MHZrRVBwVXdLWXRCTDFrUzVuakJuWmdqUDZLUFRmSzh3VGRVZ0NXcW5V?oc=5,"Wed, 17 Dec 2025 08:00:00 GMT"
"RIMAN Officially Launches in London,",London beauty brand launch,"RIMAN Officially Launches in London, Setting the Stage for European Market Growth - PA Media",https://news.google.com/rss/articles/CBMizAFBVV95cUxOMjNLT2l1LWUxTWltbVNvYW1iWVEwR2J3emp1dy1DeFozWHVvTXRxbVYxRnMwTEdhRTlmY0ZHYVRlZlBPMGEydjNPSE9kbVhETnJ3VVhxbXRNSnpYbzNGZGM4ZDdpMloyQzFCSEcwSjUyN0ZwTjJrRzBRdjBacGE3VUFJUWVwSngzbHRpWFZXcDBOd1Y2T09ySUZwMXJMZ0ZSZ2dudG9IQnRRT2cyb0hqX0V1bWpiRFdVRFZicTNhS0d6dzFiYVhXZE1BcUo?oc=5,"Thu, 23 Oct 2025 07:00:00 GMT"
Curated Beauty London launches simplified,London beauty brand launch,Curated Beauty London launches simplified wellness-led skincare - Cosmetics Design Europe,https://news.google.com/rss/articles/CBMivwFBVV95cUxPUlIxRXVqMFBZekRvanIwTjJ2NW43Y2ZfRkt1dEJKMlh0a01xUGpiR3NsdEhYY2NKR05fclRZTktNZ3kxdmlYQm9aaF92RW5zakZKdGh1WmVPMXgxS3ZMSXQ1OERXY2pKNjJKcHRmQzUxRmdIbGxBZlNCcEt6VDFkV2ticmtucEdDMm9FQkJNX2NvRU5QVW9JZkRPYzdDcy1VcFBGYTVKS0lKSWdjZk9ja0gzUGIxZXpYdU5Oa1Zwbw?oc=5,"Mon, 15 Sep 2025 07:00:00 GMT"
Boots to launch 'House Party',London beauty brand launch,Boots to launch 'House Party' beauty pop-up event this month - FashionNetwork France,https://news.google.com/rss/articles/CBMiqgFBVV95cUxOZXhMMzRrWEl6UjNCd2ZuSW1pcGM3ZElFVUczSU1WWC1xMktaZzg5Tk9mQVlYY1BGMUY0cXNneTQ3d0JnVjhMMnViUzlSVHNFSmRVSDF6MkJWNXFnVW5EUHhndXBreUIzUGM2ZXVIcUMzZkl0Njgzc29xemc1QUY1Tm42Zm1jWFZxb1d4bEtWMXFDTTNMS0tlS1FTRzVnbXpfZEtFNWZ4d09hdw?oc=5,"Mon, 06 Oct 2025 07:00:00 GMT"
Cult beauty brand with over,London beauty brand launch,Cult beauty brand with over 500 products finally launches in UK - as first store location revealed - The Sun,https://news.google.com/rss/articles/CBMifEFVX3lxTFBHSmNQYlY1ZGZTR1FfeUcwS1I2eF8yajdKaGNrdFFWNkx5ZndrLS14U0pOWHBuM1gtdFo5LTNWc2traXVnUVNLYVg1M0VkSTc5NEhlSE04TTItSjBBcF9BYzcyY0FxSkxlTXBCNEhLNmZkMGh1emw0T3Joa0w?oc=5,"Tue, 11 Nov 2025 08:00:00 GMT"
CurrentBody and Trinny London team,London beauty brand launch,CurrentBody and Trinny London team up to launch skin care and tech bundles - Cosmetics Business,https://news.google.com/rss/articles/CBMihwFBVV95cUxQWnRoM2JuQjdZUWpxQVVMNGlGQUFSQy1hdVZVcUN2d3dIanM2SlMzOFQ3cU40TklVZXVkcjNFZ29xcTBwOVJzSHVwYnU1WFJTcFUyYmRQWmxQN3VSa2hTZ2VjWkhrVnotbV90Z0FDR2dLRUFsSHVURUFGcUFuWmNGR1BvVV9Rczg?oc=5,"Tue, 10 Feb 2026 08:00:00 GMT"
Phlur celebrates biggest launch of,London beauty brand launch,Phlur celebrates biggest launch of 2025 with pop-up in London - TheIndustry.beauty,https://news.google.com/rss/articles/CBMikwFBVV95cUxOb3FsQ3o0aC1tay1VakhTU2NhUUJTVGhjSXMwNHltNl83RjVHaG1TYWhxM0FsRVVDZ19SX210UXFDdUpvdEVrd2NKdWhxN1VUNkRsY0tncW1YMDA1MTNqbm9LYmIwS2Z0cXFQUDhLRmdPdDlqR0lpOEZpVmI4SUxKWlFrUjd3elhGTHVQa0U5VmpOblE?oc=5,"Fri, 05 Sep 2025 07:00:00 GMT"
Exclusive: Clarins’ celebrates new Double,London beauty brand launch,Exclusive: Clarins’ celebrates new Double Serum Foundation launch with UK roadshow - Cosmetics Business,https://news.google.com/rss/articles/CBMijAFBVV95cUxPOGlaZnd3T0VURjNJUGU0UmJBUU8yLWROaVVFaWRyV0pnazNzTkdrMnpESC1rUVpzcGtWcWpCMzNpWFFlWk5JM25SMVNsQWFVVHNDLUN4QTJucklyQ0V5QzIwRExUdktQdGtrdmJyUEpDYy0tOEw4OWFzZnFsR3hVVXJOb19PdlBKbTRwOQ?oc=5,"Tue, 17 Feb 2026 08:00:00 GMT"
Boots to Open Second Beauty‑Only,new beauty brand UK,Boots to Open Second Beauty‑Only Store in Bristol This Spring - boots-uk.com,https://news.google.com/rss/articles/CBMiowFBVV95cUxQa1FQNWdIREdHT2JxME1LbVRwVzNTQjNsMV9jcnd5VXZkMmY4anN0RVpEX2lTQ0FHZ29pTmRtVkNhMENHUFR1eWNmbzVXZE80TGFTenJTa1UwN1p5a2VGM0V1RElXSThmR0gtRGRSX3R1TUxYRWU5YzAwNEN4aTByRWJMRTJMRndtdkJ5clZfWUprNDlZdkVRSUEwOGoxUUcyRFpN?oc=5,"Wed, 04 Mar 2026 07:08:25 GMT"
Leading beauty brand opens second,new beauty brand UK,Leading beauty brand opens second UK outlet in Bristol - Bristol 24/7,https://news.google.com/rss/articles/CBMinwFBVV95cUxQLU5MWDQ2X3ZPSHhhTzNPYlBHOFF4TmU4VWdCX0dJQmtyT3RLUzVOb1M1VzNpckE5VC1mOE9xZEo1OHRuTWZmMGhuQ1JLWTgzVU1FeENwbWd1Nzh4ZzJGcXE5TVVBU1Rvcm92R2MwaS10d2IxVEo2MHZiNnFTRGlzanN5OUVzOXFkeS1TdGhSR2x0UnBuQk9xQV9peVJpcEU?oc=5,"Wed, 04 Mar 2026 08:00:00 GMT"
Brand new Boots Beauty store,new beauty brand UK,Brand new Boots Beauty store opening in Bristol - Bristol Live,https://news.google.com/rss/articles/CBMilgFBVV95cUxNTTNaWGxDQTZqbUpzbFRWSHg3UHJfR3pkSGtBVmRQQ2hTUDlGdHp2NlhieU10dTBxaktWWFNZV1dEa0pkRGZidk90dWVFOGE2VmJicVdkZGF3RFNMUmFlQVRjaXFnQWNuUUx4MmNRTzJQNDNFOTRCQnliU1VvUUQyUzY0LW0xUTRESHNTS1ZPS05sbm9IN3c?oc=5,"Wed, 04 Mar 2026 13:06:00 GMT"
Major British beauty brands set,new beauty brand UK,Major British beauty brands set to showcase at Cosmoprof India 2025 - GOV.UK,https://news.google.com/rss/articles/CBMipAFBVV95cUxQR2RPN1JwOUtVTEIxTElxNDNDZFlyQ0NlT1hvX3ppTzV6SmgxclV5NVNFcVB6ZE5aQi05aVV6XzhiYUc4UFpLQm9waG5qdUtPdmRyejh3UXlpRWhRVFpxeElrb2E2YzBmbXRieDNydFZsa3gwRmZubm5jN0kzUEtXbVB3eUhaRHYwc01BbWdUWng3YzJQRXB1R0ZYNElMV2RETDlBOA?oc=5,"Mon, 01 Dec 2025 08:00:00 GMT"
The Beauty Edit: The best,new beauty brand UK,The Beauty Edit: The best new makeup and skincare to buy now - Luxury London,https://news.google.com/rss/articles/CBMijwFBVV95cUxQRHV0YVVISFQzZnNfbVB5em9oa0dZOHdCMDA4RV91SnZBNzN2U2hmeWFFcV9BZWlGR185czhGaDZ0dnM0VE9pU2R0cnMtS2VFUVplc2VQT1B2RnlvZXlpWTRMMDV4bkRYSzZaNlJPdmVhRkVpeTNnUTN5Rk1GU3FhNXZ1R2tLaXdzc1NNQjFQdw?oc=5,"Thu, 26 Feb 2026 08:00:00 GMT"
The Best Beauty Products Of,new beauty brand UK,"The Best Beauty Products Of 2025, According To British Vogue’s Beauty Team - British Vogue",https://news.google.com/rss/articles/CBMiaEFVX3lxTE9mdFRLY1JTeVM3VlR5dDJ0QWtjNTVqM01LYzU2aGpCZEhhamJ2S045d2FudjhPMXFwRURDdFdfaW9TWlJjLXNXVENZVHY2bTZCQk1adFJVR25mWENWYWVIU3dxX2YwOXBh?oc=5,"Thu, 25 Dec 2025 08:00:00 GMT"
17 New Beauty Products Our,new beauty brand UK,17 New Beauty Products Our Beauty Editor Loved This Month - Glamour UK,https://news.google.com/rss/articles/CBMibkFVX3lxTE8xUWk3OFZRQVJoUWRTX29PRFE1aXlaOUVwOGRpSXdNZTJTcFpQSG9reEU5S3B5dTNBdnpMRFFrLWpzMFk1emZwcmZKZnpERVBKSjB3dElUbmdjTUxMSU9zdWFXWTF3NEc1LUZyQlBR?oc=5,"Wed, 03 Dec 2025 08:00:00 GMT"
"The best new beauty retail,",new beauty brand UK,"The best new beauty retail, treatments and immersive destinations - Stylist",https://news.google.com/rss/articles/CBMigwFBVV95cUxPWmZQNUxnMGdPS3BMS0dkRFNxQ3N6ajhhVGJnTW93OGVIU1hhNTZOT3lLT3Y1Zm1YUTVfbmIxV3ZpYzFnY0ltYzN5aWN6TkNPd2RVYzAzZmItSGpGZUNKMWpOa0pBTm9uaE9vU1NXTW5BMFZfbDdPTWFLU01tR1duX1JpZw?oc=5,"Sat, 21 Feb 2026 08:00:00 GMT"
Where is Sephora in the UK?,new beauty brand UK,Where is Sephora in the UK? - Professional Beauty,https://news.google.com/rss/articles/CBMia0FVX3lxTFBVSndGRkJEMUdzWjhvR2hZRm9GbG93dUd0NTBydkdWV0RmQ2FTMXFYM1c2YmpzN0J5Ym1wWjNUeFMyRVhaRHJUQWhUaS1QWEZBS2xVTERGcmNER0FocmdhRUd1U3hhWnVhNXkw?oc=5,"Tue, 24 Feb 2026 08:00:00 GMT"
Margo Stilley’s LA-Meets-London Beauty Rituals,new beauty brand London,Margo Stilley’s LA-Meets-London Beauty Rituals - NewBeauty,https://news.google.com/rss/articles/CBMiZkFVX3lxTFBCUHpBSDdDSDdKM3FERWRENGkyU1hpR1Y2YWgwX0lTUnVoclJSbmMydUR6MkQyaFlDMEVVanNjR0NocmJ0WUdVdThFRzFaMC04NkJHTUN6UkdVbUtvekdHcUh4aHMzQQ?oc=5,"Wed, 04 Mar 2026 16:31:04 GMT"
Jo Malone London taps sisters,new beauty brand London,Jo Malone London taps sisters Lizzy and Georgia May Jagger as Global Brand Ambassadors - Cosmetics Business,https://news.google.com/rss/articles/CBMijAFBVV95cUxNaVhNVGlpeHpod28zY2FhMGRnaW40YzltQTBXdHNmdXEzNjBJNnNRRld5NlRaWlRzSGNCdVpYMjhyYlJjVFhkdlhZek1Nb2Y5UjZZTTJMd1JTekprOTkxX3JkTmJvNE1iOEkxbjRqeDNQWmE4ZUMzZW12VjFncnNSbmJsS1MwR2dJRmdjUQ?oc=5,"Mon, 02 Mar 2026 12:22:24 GMT"
H&F artists go global with,new beauty brand London,H&F artists go global with unique designs for ethical beauty brand - London Borough of Hammersmith & Fulham,https://news.google.com/rss/articles/CBMimAFBVV95cUxOeGVIVzRWaFprMXVLeHAxb2JEZXpFRW04VGhJUktsVVhadE90elFCUTNKMTlvcGNBeW9YYm9WVnljY25Pb2xsbjRjT29qR2h3emdHUXJ0ZHN0Q3hRSVdla2R2bEVhOXZzMEVKUkptREpLcEVZNnU4Q0F1amNUcmZpZXUxaF90aDNmMmlwd3JkNlhjT3FLbDVOaA?oc=5,"Wed, 04 Feb 2026 08:00:00 GMT"
"Driven by TikTok trends, new",new beauty brand London,"Driven by TikTok trends, new beauty brands target children - FashionNetwork France",https://news.google.com/rss/articles/CBMiqAFBVV95cUxNLXkzWGhXdjBqbnRXTWdYRDkya051ZXYwdlJ0RXBGYWw3eVVSWWg1STJUUEVpQm9PWWRDdm1EZnNhM29UbUtIZmdGOFpkWDJRWTlJSmJmUnAyRC1LN3FWOHFFRHRjZ2JuaE5RUFh2d1EwdkVuWTk2TllJdEgxMnJ1WTIzSUg5OUxQYlhUNGZuSmpEeWx1Rjg0dk9ZbzFYaEtPdDlQYnpoaGY?oc=5,"Fri, 28 Nov 2025 08:00:00 GMT"
The Interview: Aroma-Zone CEO on,new beauty brand London,The Interview: Aroma-Zone CEO on bringing France’s beloved beauty brand to the UK and democratising high-quality self-care - TheIndustry.beauty,https://news.google.com/rss/articles/CBMi4gFBVV95cUxQQ2Vmck4tMlZHLWdTZlM2YUNicWZIODUyWHU4U0psaDhVMm1nM0lJdTB3cFptQ0hkb3dHMVlrUmhacXhzVkFmUjM2Y2RsNVhzUWoyVTNTbVRsZTNFTGlvR2xEZFNlSHk2MWlXZFVrSGhISC13X1JUcUxvWm9ONU0wTmhsdG9rclhhVDU2ZmNjbU5sbVRCZHhqYWd3Ykl3ODZtV3QtU01LR2ppZG1zVHI3cUNRaUFDeTY1SG9mdndFTmxtcEZXbXZJR01IX2NCYkxKa1lfaUZqNXhzZS1QQnljNTNR?oc=5,"Thu, 06 Nov 2025 08:00:00 GMT"
New Beauty Brand London Paris,new beauty brand London,New Beauty Brand London Paris Sets Out to Transform Women's Daily Makeup Routines with Innovative Collection - openPR.com,https://news.google.com/rss/articles/CBMiowFBVV95cUxQQjNyY3pNcGpBb3pncXR1Vk1xVFJrV3YwbFFWZ3laV3RGVl94c2hfVTZjdU00ZTNINGF1Nk9yNm8ydTZMNURqWjc0N29sVnJtV0N6YV93QXRUTThNWG54S0psaTNuLXBBd2g0T050aXlLRWdsYXV5cXBUOUJEb0RDdENEbGtBYmpjc1RNV3N2Y244ZnN2UzR6dlZKUWFlb0xHMVVn?oc=5,"Thu, 19 Feb 2026 08:00:00 GMT"
This Month’s Most Covetable Limited-Edition,new beauty brand London,This Month’s Most Covetable Limited-Edition Beauty Launches We Can’t Stop Talking About - Marie Claire UK,https://news.google.com/rss/articles/CBMigAFBVV95cUxPenVEUkR0VXE3LUhLd29MSU9KdndQMGJLUGIzS0FGVUdhNlZqZ01JeEhPRENZeFlzSVB5M1dqY1dIWi1JOGF4MjROSUN0RGFRZ1pGT2xUZEtFVGxkNDB2Z3p3Y1h3clBtZ2VGVVRxX0h3YU01d2lXUm5kUzBwMXBzdQ?oc=5,"Sat, 29 Nov 2025 08:00:00 GMT"
Our team deem these the,new beauty brand London,Our team deem these the best new beauty launches to hit the market in October - Woman & Home,https://news.google.com/rss/articles/CBMibkFVX3lxTE53TjhvakZNTHc1Sm1xMi1ucWozVHIxb3c3U3A3a25qV0RDbzNBM25BTEppbXUtUW9wcDl6VTRJblF0cXowOVJIQTBCQ0ZkYmJJT2wxakZTUFhCT2RUV2xWazRVTUZpY1loeU5vRXhR?oc=5,"Fri, 31 Oct 2025 07:00:00 GMT"
Charlotte Tilbury Launches on Amazon,UK makeup brand launch,Charlotte Tilbury Launches on Amazon | BoF - The Business of Fashion,https://news.google.com/rss/articles/CBMiiwFBVV95cUxQVHowRGNDZFdkTnFfVlpKeUxLQUpzZ29rbzJaaDZDTEVscWxSSmJTUk9NVThFdTZoakp4T2t6Z280ZFZ6elJERUUwT3hZTG01T3R1OTNnUmRtVmh3bFcyS1QteXF5QXJaV0lGd3duRmNiaFlpa3pVb2xIXzBPOGFBN2tJcS1MRl9iQ2NR?oc=5,"Wed, 24 Sep 2025 07:00:00 GMT"
Let’s Make Up: The latest,UK makeup brand launch,Let’s Make Up: The latest and greatest beauty launches for August - London Evening Standard,https://news.google.com/rss/articles/CBMimwFBVV95cUxNMUxZX1c4LS1YTXhCNnl0U3pQZW51TkwxQTVCemZEZ25ESnJUWERRcjFDMXVWV2lNamZFa2hGX2ViQXc4bmFYYnM0TnRyMjZqNURIN0IzbC1hYzlQcUU5bTFLN1lNelZaWEUtcXRSX3JsbnFjT1lsdTlNYkNqbm55SkJodGtOT2xQSWRUT2pDbThvbHBlczJjRlRCOA?oc=5,"Tue, 05 Aug 2025 07:00:00 GMT"
The Makeup Brands Currently Commanding,UK makeup brand launch,The Makeup Brands Currently Commanding My Attention as a Beauty Insider - Marie Claire UK,https://news.google.com/rss/articles/CBMiiAFBVV95cUxNeDRUb2hqT2lMTGRWWmFIcDhBa1JxZWlQR1ZWUVlIVWhTaTdWaGE2U1lKeklYOVhhSUNZM25ieG9QMldMVTZIQVZva05XQlFCVUtyc21oV0tqOFp2Yld5azZXaTJ5NklaSlZHTXhpM0NXOFJSXzZWQXViSFZrZnlqOGdrTjdHQmI1?oc=5,"Mon, 26 Jan 2026 08:00:00 GMT"
Sephora UK confirms launch date,UK makeup brand launch,Sephora UK confirms launch date of Hailey Bieber’s Rhode in-store and online - Cosmetics Business,https://news.google.com/rss/articles/CBMijgFBVV95cUxQODFqOWd1NVplTWNYNTE4MjNYRHBIX2JWY2x0ZDBEMjBFUjdGZWlMOVpMYk5Pb2Mya3FRZkQ0MjVrMjlHTTh4VjhObjZmZmdzWjlzSmFaLW5MeGNNbWdvSnpCb1ZUVlVsRm1CNEtQQlQzemdOQVhRVDc4ajM4bXZ3VGdad2phc1ZYUktRYVFn?oc=5,"Tue, 21 Oct 2025 07:00:00 GMT"
The best Trinny London products,London makeup brand launch,The best Trinny London products your beauty bag needs - Red magazine,https://news.google.com/rss/articles/CBMihwFBVV95cUxPekc2SVNLU2xjMjBHMWdXbzI0U2JEM0xvTFV0eS01S3ZEQVVHMkU0OFZlM2stMnlTb2ZxdEhaa0lDX0cwVWQxRV9UZXg5Yzlqa3l2WjJzNzRzb0xVSENmcEFqalVQbGhwNEItazFDUDQtQ0FrSUFnX3YtZDE4RDlHaDlsRkc5Y0U?oc=5,"Wed, 16 Jul 2025 07:00:00 GMT"
"Talks, Pop Ups And Freebies:",London makeup brand launch,"Talks, Pop Ups And Freebies: The Best London Beauty Events To Attend Now - Grazia Daily UK",https://news.google.com/rss/articles/CBMifkFVX3lxTE9zQU5VeXdFRjZTOXF6aVJmUXlWMmxvc0ZQa0luR1BMR214Y1ZyNUQ1TV92QmNhR0xrcDlZMWk5R3kzTFNsaG9EcDVILVVqdFkwOU9hU0xTb0hqeFloTy16N1lqaU1zWGJ1ZDViOTdPMnFqb3JOaGdpaXNNekdqdw?oc=5,"Thu, 05 Feb 2026 08:00:00 GMT"
Kate Moss's Cosmoss beauty brand,London makeup brand launch,Kate Moss's Cosmoss beauty brand closes — what went wrong and what she got so right - London Evening Standard,https://news.google.com/rss/articles/CBMiogFBVV95cUxQOTh5akNoeV9Bb0RwbWsxMFZKb1B0TlVpblBIWmpoRmhMN041eWE3M0Z3cV9YZDFPZU01ODJmZERoNHFjbjV5Ui15dEdhc1lWTzdWa2tlLWdSRjJMLW5zcFJ5c21hZ1NsUXJGNkk1ZVhEQ2hwMklvS3ZTanFnMXR3RHE2bnpFdzZpLUVVWlBFNDM5VWtqcE5nczY3TGFJdE05Wmc?oc=5,"Wed, 25 Jun 2025 07:00:00 GMT"
Inside Beauty Pie’s biggest launch,London makeup brand launch,"Inside Beauty Pie’s biggest launch of 2025: CMO talks product, pop-up and customer connection - TheIndustry.beauty",https://news.google.com/rss/articles/CBMiugFBVV95cUxQZm9PVGtZY3J1NzJnbVItb2ZWcmZTZnM5M0FJTHBEenVMcXluYjJudWk0Qy1wUDhvcXVsVWZIV3lmUWxsb1FDRVZWUk1QX1lKY2M1Z205cmZsVVh3SDdXbWV3SEkzOTdld0lXRWFiZlFrY055Y1VUUGtiS3RrS0VGR24xY1Nuc1JGWmFaQk9CR0NuVG84X3p0bWdEcHdNTXR5cUZGWWJHTE13VWNfTEFCdC1pdGZ5YXpWSUE?oc=5,"Fri, 19 Sep 2025 07:00:00 GMT"
Boots launches over 400 new,UK fragrance brand launch,Boots launches over 400 new scents as it opens first-of-its-kind fragrance boutique - boots-uk.com,https://news.google.com/rss/articles/CBMiwAFBVV95cUxOVVI1T3AwZ05kTEt4d1EtQ3FrR25UZl9VdmN3eEtFSFVMTHdPY2ZnY0loVzBURnBZdE5fV2ZsdlE3OFRsZHphTEFTSXpLN3V2MFE5TS1JTG1kNXg1aTFrZ1dWYW9hNzRYcXRnMVZwckRFci1QSHFzY0Y3d1hjcFNkMHRicHpEdl96UmwydTlxajBwZTBxRGlNSDJQVWpScEtQQTItYThvWVZUdk04SjVZV29aSmxfbjZVdG9jQWZMUFU?oc=5,"Wed, 22 Oct 2025 07:00:00 GMT"
Stories Parfums targets UK expansion,UK fragrance brand launch,Stories Parfums targets UK expansion with 'major' retail launch - TheIndustry.beauty,https://news.google.com/rss/articles/CBMikwFBVV95cUxOejFLVl8wMjZTRVg3UEdRVlRXODhNaFlZS3NiS25ZOWZybWloalNmQWdHMHhYdGFsbDJaUktIcTVZMk1IQmMtOTdRRzYwRDRPa1Q5X2s4R0hOZGg5TXBzZ0lLbXZPcFE1Wm1LWVcwb1hSZXROX3owaGpieDhFT3BzZy1qSk1VUURISnBhaEVyQll6MUE?oc=5,"Wed, 29 Oct 2025 07:00:00 GMT"
